time,valid_time,solar_rad,number,expver,temp_2m,cloud_cover
1970-01-01 00:00:00,2023-12-01 00:00:00,35.57972,0,0001,-3.288391,7.271332
1970-01-01 00:00:00,2023-12-01 01:00:00,175.14163,0,0001,-2.4308167,7.7564535
1970-01-01 00:00:00,2023-12-01 02:00:00,334.21664,0,0001,3.3180237,6.497114
1970-01-01 00:00:00,2023-12-01 03:00:00,458.40625,0,0001,3.5618896,6.178548
1970-01-01 00:00:00,2023-12-01 04:00:00,525.6687,0,0001,3.7243347,7.537072
1970-01-01 00:00:00,2023-12-01 05:00:00,532.39764,0,0001,6.1755066,9.858262
1970-01-01 00:00:00,2023-12-01 06:00:00,475.63535,0,0001,6.2394714,11.8501625
1970-01-01 00:00:00,2023-12-01 07:00:00,358.70938,0,0001,6.254364,15.305047
1970-01-01 00:00:00,2023-12-01 08:00:00,208.01126,0,0001,5.1242676,18.759811
1970-01-01 00:00:00,2023-12-01 09:00:00,60.561424,0,0001,4.9772034,21.995737
1970-01-01 00:00:00,2023-12-01 10:00:00,1.3989133,0,0001,1.218811,21.707834
1970-01-01 00:00:00,2023-12-01 11:00:00,0.0,0,0001,0.9833069,20.224026
1970-01-01 00:00:00,2023-12-01 12:00:00,0.0,0,0001,0.8626709,20.388811
1970-01-01 00:00:00,2023-12-01 13:00:00,0.0,0,0001,0.83618164,21.891539
1970-01-01 00:00:00,2023-12-01 14:00:00,0.0,0,0001,0.3234558,21.242989
1970-01-01 00:00:00,2023-12-01 15:00:00,0.0,0,0001,-0.98168945,20.50016
1970-01-01 00:00:00,2023-12-01 16:00:00,0.0,0,0001,-1.0401001,19.801607
1970-01-01 00:00:00,2023-12-01 17:00:00,0.0,0,0001,-1.357605,17.736786
1970-01-01 00:00:00,2023-12-01 18:00:00,0.0,0,0001,-1.50531,13.277173
1970-01-01 00:00:00,2023-12-01 19:00:00,0.0,0,0001,-1.5177307,11.053736
1970-01-01 00:00:00,2023-12-01 20:00:00,0.0,0,0001,-2.3798828,8.868977
1970-01-01 00:00:00,2023-12-01 21:00:00,0.0,0,0001,-2.439209,6.5455327
1970-01-01 00:00:00,2023-12-01 22:00:00,0.0,0,0001,-1.9584045,8.149049
1970-01-01 00:00:00,2023-12-01 23:00:00,0.10528124,0,0001,-1.9719238,5.6504884
1970-01-01 00:00:00,2023-12-02 00:00:00,33.07408,0,0001,-1.5813293,5.0279713
1970-01-01 00:00:00,2023-12-02 01:00:00,168.43562,0,0001,-0.5606079,6.001622
1970-01-01 00:00:00,2023-12-02 02:00:00,325.65942,0,0001,6.1376038,7.5487585
1970-01-01 00:00:00,2023-12-02 03:00:00,449.20108,0,0001,6.50119,9.890104
1970-01-01 00:00:00,2023-12-02 04:00:00,518.84686,0,0001,6.722229,13.169393
1970-01-01 00:00:00,2023-12-02 05:00:00,526.9253,0,0001,9.539978,15.769037
1970-01-01 00:00:00,2023-12-02 06:00:00,471.65094,0,0001,9.560516,18.522717
1970-01-01 00:00:00,2023-12-02 07:00:00,351.5247,0,0001,9.591492,20.543797
1970-01-01 00:00:00,2023-12-02 08:00:00,206.4874,0,0001,8.078766,21.102837
1970-01-01 00:00:00,2023-12-02 09:00:00,61.143616,0,0001,7.646118,20.817917
1970-01-01 00:00:00,2023-12-02 10:00:00,1.5103285,0,0001,2.9647522,22.140009
1970-01-01 00:00:00,2023-12-02 11:00:00,0.0,0,0001,2.5398254,24.358402
1970-01-01 00:00:00,2023-12-02 12:00:00,0.0,0,0001,2.2556763,27.406458
1970-01-01 00:00:00,2023-12-02 13:00:00,0.0,0,0001,2.1502075,30.990803
1970-01-01 00:00:00,2023-12-02 14:00:00,0.0,0,0001,1.3894958,32.812126
1970-01-01 00:00:00,2023-12-02 15:00:00,0.0,0,0001,0.25360107,33.333645
1970-01-01 00:00:00,2023-12-02 16:00:00,0.0,0,0001,0.13446045,32.2119
1970-01-01 00:00:00,2023-12-02 17:00:00,0.0,0,0001,-0.68792725,29.703669
1970-01-01 00:00:00,2023-12-02 18:00:00,0.0,0,0001,-0.70651245,25.772047
1970-01-01 00:00:00,2023-12-02 19:00:00,0.0,0,0001,-0.78622437,20.76993
1970-01-01 00:00:00,2023-12-02 20:00:00,0.0,0,0001,-1.6770325,17.778755
1970-01-01 00:00:00,2023-12-02 21:00:00,0.0,0,0001,-1.6846924,15.662707
1970-01-01 00:00:00,2023-12-02 22:00:00,0.0,0,0001,-1.4648438,13.274944
1970-01-01 00:00:00,2023-12-02 23:00:00,0.07724503,0,0001,-1.5888977,12.456777
1970-01-01 00:00:00,2023-12-03 00:00:00,29.680195,0,0001,-1.2582397,14.849205
1970-01-01 00:00:00,2023-12-03 01:00:00,156.31993,0,0001,-0.08441162,15.869638
1970-01-01 00:00:00,2023-12-03 02:00:00,306.2221,0,0001,6.7893066,16.286692
1970-01-01 00:00:00,2023-12-03 03:00:00,430.75183,0,0001,7.05011,17.340528
1970-01-01 00:00:00,2023-12-03 04:00:00,500.61133,0,0001,7.2501526,18.349543
1970-01-01 00:00:00,2023-12-03 05:00:00,510.76712,0,0001,10.368286,16.251091
1970-01-01 00:00:00,2023-12-03 06:00:00,459.08768,0,0001,10.41922,14.214727
1970-01-01 00:00:00,2023-12-03 07:00:00,350.0482,0,0001,10.411865,12.953398
1970-01-01 00:00:00,2023-12-03 08:00:00,204.2364,0,0001,8.948578,12.075005
1970-01-01 00:00:00,2023-12-03 09:00:00,60.109066,0,0001,8.425903,12.398304
1970-01-01 00:00:00,2023-12-03 10:00:00,1.3902096,0,0001,4.7778625,16.318857
1970-01-01 00:00:00,2023-12-03 11:00:00,0.0,0,0001,4.6851196,20.539293
1970-01-01 00:00:00,2023-12-03 12:00:00,0.0,0,0001,4.7717896,22.73415
1970-01-01 00:00:00,2023-12-03 13:00:00,0.0,0,0001,4.6930237,30.401834
1970-01-01 00:00:00,2023-12-03 14:00:00,0.0,0,0001,3.9744568,33.974785
1970-01-01 00:00:00,2023-12-03 15:00:00,0.0,0,0001,3.2059937,37.412403
1970-01-01 00:00:00,2023-12-03 16:00:00,0.0,0,0001,3.0899963,39.307003
1970-01-01 00:00:00,2023-12-03 17:00:00,0.0,0,0001,2.631134,42.081078
1970-01-01 00:00:00,2023-12-03 18:00:00,0.0,0,0001,2.5190125,41.819496
1970-01-01 00:00:00,2023-12-03 19:00:00,0.0,0,0001,2.453247,37.76133
1970-01-01 00:00:00,2023-12-03 20:00:00,0.0,0,0001,1.9204712,37.777348
1970-01-01 00:00:00,2023-12-03 21:00:00,0.0,0,0001,1.7215576,38.145195
1970-01-01 00:00:00,2023-12-03 22:00:00,0.0,0,0001,1.9161377,35.06922
1970-01-01 00:00:00,2023-12-03 23:00:00,0.040991474,0,0001,1.7550964,36.763527
1970-01-01 00:00:00,2023-12-04 00:00:00,23.907803,0,0001,2.2817688,37.112614
1970-01-01 00:00:00,2023-12-04 01:00:00,132.32494,0,0001,3.6028442,35.624954
1970-01-01 00:00:00,2023-12-04 02:00:00,266.04846,0,0001,8.680725,33.149868
1970-01-01 00:00:00,2023-12-04 03:00:00,384.06143,0,0001,8.852203,30.855867
1970-01-01 00:00:00,2023-12-04 04:00:00,456.34772,0,0001,9.0503845,29.119661
1970-01-01 00:00:00,2023-12-04 05:00:00,475.06674,0,0001,12.646545,26.144642
1970-01-01 00:00:00,2023-12-04 06:00:00,436.86118,0,0001,12.78064,25.751171
1970-01-01 00:00:00,2023-12-04 07:00:00,337.33548,0,0001,12.814636,22.819168
1970-01-01 00:00:00,2023-12-04 08:00:00,201.24606,0,0001,11.275604,20.000202
1970-01-01 00:00:00,2023-12-04 09:00:00,61.806267,0,0001,10.655029,15.874349
1970-01-01 00:00:00,2023-12-04 10:00:00,1.6568762,0,0001,6.2945557,10.676556
1970-01-01 00:00:00,2023-12-04 11:00:00,0.0,0,0001,5.9816284,7.898634
1970-01-01 00:00:00,2023-12-04 12:00:00,0.0,0,0001,5.879944,5.607054
1970-01-01 00:00:00,2023-12-04 13:00:00,0.0,0,0001,5.493042,3.8754418
1970-01-01 00:00:00,2023-12-04 14:00:00,0.0,0,0001,4.4895325,3.2807794
1970-01-01 00:00:00,2023-12-04 15:00:00,0.0,0,0001,3.3135376,3.017849
1970-01-01 00:00:00,2023-12-04 16:00:00,0.0,0,0001,3.297577,2.4825788
1970-01-01 00:00:00,2023-12-04 17:00:00,0.0,0,0001,2.5716248,1.8346039
1970-01-01 00:00:00,2023-12-04 18:00:00,0.0,0,0001,2.4431763,2.038674
1970-01-01 00:00:00,2023-12-04 19:00:00,0.0,0,0001,2.472168,2.9980426
1970-01-01 00:00:00,2023-12-04 20:00:00,0.0,0,0001,1.414093,4.232957
1970-01-01 00:00:00,2023-12-04 21:00:00,0.0,0,0001,1.4373169,5.6053
1970-01-01 00:00:00,2023-12-04 22:00:00,0.0,0,0001,1.6355591,5.761626
1970-01-01 00:00:00,2023-12-04 23:00:00,0.05832507,0,0001,1.6220398,6.6441507
1970-01-01 00:00:00,2023-12-05 00:00:00,28.817999,0,0001,1.9701233,8.9464245
1970-01-01 00:00:00,2023-12-05 01:00:00,156.38208,0,0001,3.2898254,9.427011
1970-01-01 00:00:00,2023-12-05 02:00:00,308.66037,0,0001,9.969238,12.226023
1970-01-01 00:00:00,2023-12-05 03:00:00,431.74225,0,0001,10.34375,16.963377
1970-01-01 00:00:00,2023-12-05 04:00:00,500.60355,0,0001,10.576508,21.812742
1970-01-01 00:00:00,2023-12-05 05:00:00,507.73926,0,0001,13.964783,27.298578
1970-01-01 00:00:00,2023-12-05 06:00:00,452.48517,0,0001,14.031158,32.481766
1970-01-01 00:00:00,2023-12-05 07:00:00,338.09705,0,0001,14.082764,36.63576
1970-01-01 00:00:00,2023-12-05 08:00:00,192.09421,0,0001,12.447144,43.12503
1970-01-01 00:00:00,2023-12-05 09:00:00,54.845276,0,0001,12.062653,47.519764
1970-01-01 00:00:00,2023-12-05 10:00:00,1.3441734,0,0001,9.6315,52.05303
1970-01-01 00:00:00,2023-12-05 11:00:00,0.0,0,0001,9.244476,55.758488
1970-01-01 00:00:00,2023-12-05 12:00:00,0.0,0,0001,9.075928,58.955204
1970-01-01 00:00:00,2023-12-05 13:00:00,0.0,0,0001,8.924225,61.468697
1970-01-01 00:00:00,2023-12-05 14:00:00,0.0,0,0001,8.467163,66.97962
1970-01-01 00:00:00,2023-12-05 15:00:00,0.0,0,0001,7.872986,67.71372
1970-01-01 00:00:00,2023-12-05 16:00:00,0.0,0,0001,7.878296,66.10497
1970-01-01 00:00:00,2023-12-05 17:00:00,0.0,0,0001,7.488739,56.49237
1970-01-01 00:00:00,2023-12-05 18:00:00,0.0,0,0001,7.446594,48.22845
1970-01-01 00:00:00,2023-12-05 19:00:00,0.0,0,0001,7.306793,39.06102
1970-01-01 00:00:00,2023-12-05 20:00:00,0.0,0,0001,6.6980896,34.51122
1970-01-01 00:00:00,2023-12-05 21:00:00,0.0,0,0001,6.4713135,28.850655
1970-01-01 00:00:00,2023-12-05 22:00:00,0.0,0,0001,5.6226196,23.517677
1970-01-01 00:00:00,2023-12-05 23:00:00,0.043339286,0,0001,5.507477,14.655331
1970-01-01 00:00:00,2023-12-06 00:00:00,26.32194,0,0001,5.439728,11.018036
1970-01-01 00:00:00,2023-12-06 01:00:00,152.63824,0,0001,5.766083,8.641296
1970-01-01 00:00:00,2023-12-06 02:00:00,309.85538,0,0001,10.482361,4.7729964
1970-01-01 00:00:00,2023-12-06 03:00:00,438.72507,0,0001,10.578339,2.0772686
1970-01-01 00:00:00,2023-12-06 04:00:00,513.43884,0,0001,10.654663,0.9973566
1970-01-01 00:00:00,2023-12-06 05:00:00,525.9115,0,0001,12.884857,0.3601419
1970-01-01 00:00:00,2023-12-06 06:00:00,473.88498,0,0001,12.939453,0.3548626
1970-01-01 00:00:00,2023-12-06 07:00:00,364.37985,0,0001,12.981079,0.07186427
1970-01-01 00:00:00,2023-12-06 08:00:00,215.31615,0,0001,11.6203,0.059679024
1970-01-01 00:00:00,2023-12-06 09:00:00,64.83282,0,0001,11.362762,0.052141305
1970-01-01 00:00:00,2023-12-06 10:00:00,1.6969582,0,0001,7.9470215,0.041134283
1970-01-01 00:00:00,2023-12-06 11:00:00,0.0,0,0001,7.688324,0.19287618
1970-01-01 00:00:00,2023-12-06 12:00:00,0.0,0,0001,7.464203,0.12969516
1970-01-01 00:00:00,2023-12-06 13:00:00,0.0,0,0001,7.395172,0.61036974
1970-01-01 00:00:00,2023-12-06 14:00:00,0.0,0,0001,6.612915,0.70719814
1970-01-01 00:00:00,2023-12-06 15:00:00,0.0,0,0001,5.578644,0.8028973
1970-01-01 00:00:00,2023-12-06 16:00:00,0.0,0,0001,5.3583374,0.5128133
1970-01-01 00:00:00,2023-12-06 17:00:00,0.0,0,0001,4.636078,0.48337957
1970-01-01 00:00:00,2023-12-06 18:00:00,0.0,0,0001,4.64032,0.83908457
1970-01-01 00:00:00,2023-12-06 19:00:00,0.0,0,0001,4.5345764,0.91773134
1970-01-01 00:00:00,2023-12-06 20:00:00,0.0,0,0001,3.7942505,1.1934352
1970-01-01 00:00:00,2023-12-06 21:00:00,0.0,0,0001,3.7607727,1.6058836
1970-01-01 00:00:00,2023-12-06 22:00:00,0.0,0,0001,4.009247,1.9848099
1970-01-01 00:00:00,2023-12-06 23:00:00,0.03906669,0,0001,3.993805,2.3104439
1970-01-01 00:00:00,2023-12-07 00:00:00,26.825798,0,0001,4.4598083,2.6945896
1970-01-01 00:00:00,2023-12-07 01:00:00,153.04904,0,0001,6.0087585,2.1517816
1970-01-01 00:00:00,2023-12-07 02:00:00,307.06445,0,0001,12.479065,1.3749849
1970-01-01 00:00:00,2023-12-07 03:00:00,432.36517,0,0001,13.175507,1.0527656
1970-01-01 00:00:00,2023-12-07 04:00:00,505.38147,0,0001,13.589111,1.4308169
1970-01-01 00:00:00,2023-12-07 05:00:00,516.7741,0,0001,17.634308,1.736768
1970-01-01 00:00:00,2023-12-07 06:00:00,466.0173,0,0001,17.757904,1.3989595
1970-01-01 00:00:00,2023-12-07 07:00:00,359.29562,0,0001,17.813751,0.24962507
1970-01-01 00:00:00,2023-12-07 08:00:00,212.60815,0,0001,16.057404,0.07299892
1970-01-01 00:00:00,2023-12-07 09:00:00,64.37189,0,0001,15.753815,0.024597423
1970-01-01 00:00:00,2023-12-07 10:00:00,1.7279662,0,0001,12.120972,0.0002813935
1970-01-01 00:00:00,2023-12-07 11:00:00,0.0,0,0001,11.677948,0.20316975
1970-01-01 00:00:00,2023-12-07 12:00:00,0.0,0,0001,11.508148,0.6968519
1970-01-01 00:00:00,2023-12-07 13:00:00,0.0,0,0001,11.272705,1.0985565
1970-01-01 00:00:00,2023-12-07 14:00:00,0.0,0,0001,10.15097,1.8690175
1970-01-01 00:00:00,2023-12-07 15:00:00,0.0,0,0001,8.363434,2.784552
1970-01-01 00:00:00,2023-12-07 16:00:00,0.0,0,0001,8.216156,4.9606857
1970-01-01 00:00:00,2023-12-07 17:00:00,0.0,0,0001,7.464966,8.64441
1970-01-01 00:00:00,2023-12-07 18:00:00,0.0,0,0001,7.435547,13.680832
1970-01-01 00:00:00,2023-12-07 19:00:00,0.0,0,0001,7.270355,19.0679
1970-01-01 00:00:00,2023-12-07 20:00:00,0.0,0,0001,6.4366455,21.576511
1970-01-01 00:00:00,2023-12-07 21:00:00,0.0,0,0001,6.3158875,21.766584
1970-01-01 00:00:00,2023-12-07 22:00:00,0.0,0,0001,6.2725525,21.230904
1970-01-01 00:00:00,2023-12-07 23:00:00,0.031864632,0,0001,6.150635,22.364597
1970-01-01 00:00:00,2023-12-08 00:00:00,25.187378,0,0001,6.408386,25.68912
1970-01-01 00:00:00,2023-12-08 01:00:00,145.95732,0,0001,8.465759,26.161877
1970-01-01 00:00:00,2023-12-08 02:00:00,294.355,0,0001,14.511475,30.14509
1970-01-01 00:00:00,2023-12-08 03:00:00,415.26672,0,0001,14.934418,32.27096
1970-01-01 00:00:00,2023-12-08 04:00:00,487.43625,0,0001,15.226746,36.45851
1970-01-01 00:00:00,2023-12-08 05:00:00,497.30838,0,0001,18.825928,38.864292
1970-01-01 00:00:00,2023-12-08 06:00:00,444.23593,0,0001,18.935669,40.864082
1970-01-01 00:00:00,2023-12-08 07:00:00,341.61212,0,0001,18.999542,41.414497
1970-01-01 00:00:00,2023-12-08 08:00:00,200.15117,0,0001,16.691345,42.012657
1970-01-01 00:00:00,2023-12-08 09:00:00,58.39967,0,0001,16.175934,44.24003
1970-01-01 00:00:00,2023-12-08 10:00:00,1.4734615,0,0001,11.918152,44.091015
1970-01-01 00:00:00,2023-12-08 11:00:00,0.0,0,0001,11.537964,43.958836
1970-01-01 00:00:00,2023-12-08 12:00:00,0.0,0,0001,11.244202,45.586758
1970-01-01 00:00:00,2023-12-08 13:00:00,0.0,0,0001,10.8958435,46.216164
1970-01-01 00:00:00,2023-12-08 14:00:00,0.0,0,0001,9.605408,45.69157
1970-01-01 00:00:00,2023-12-08 15:00:00,0.0,0,0001,8.488251,44.727825
1970-01-01 00:00:00,2023-12-08 16:00:00,0.0,0,0001,8.330353,46.50868
1970-01-01 00:00:00,2023-12-08 17:00:00,0.0,0,0001,7.5445557,47.92871
1970-01-01 00:00:00,2023-12-08 18:00:00,0.0,0,0001,7.6898804,48.394142
1970-01-01 00:00:00,2023-12-08 19:00:00,0.0,0,0001,7.6341248,48.860905
1970-01-01 00:00:00,2023-12-08 20:00:00,0.0,0,0001,6.6727905,46.82336
1970-01-01 00:00:00,2023-12-08 21:00:00,0.0,0,0001,6.6219482,40.50865
1970-01-01 00:00:00,2023-12-08 22:00:00,0.0,0,0001,5.9730835,35.556583
1970-01-01 00:00:00,2023-12-08 23:00:00,0.017703747,0,0001,5.82782,29.014894
1970-01-01 00:00:00,2023-12-09 00:00:00,20.124382,0,0001,6.126892,25.098566
1970-01-01 00:00:00,2023-12-09 01:00:00,130.07492,0,0001,6.6490173,21.703142
1970-01-01 00:00:00,2023-12-09 02:00:00,273.79745,0,0001,12.37616,19.037315
1970-01-01 00:00:00,2023-12-09 03:00:00,391.92468,0,0001,12.505859,17.88306
1970-01-01 00:00:00,2023-12-09 04:00:00,459.7972,0,0001,12.618713,18.384016
1970-01-01 00:00:00,2023-12-09 05:00:00,470.56372,0,0001,14.895447,20.060835
1970-01-01 00:00:00,2023-12-09 06:00:00,425.46103,0,0001,14.8927,20.0257
1970-01-01 00:00:00,2023-12-09 07:00:00,327.2564,0,0001,14.805084,21.677265
1970-01-01 00:00:00,2023-12-09 08:00:00,189.81316,0,0001,13.314667,22.416218
1970-01-01 00:00:00,2023-12-09 09:00:00,55.377705,0,0001,11.95636,23.29791
1970-01-01 00:00:00,2023-12-09 10:00:00,1.3922824,0,0001,9.294861,25.602436
1970-01-01 00:00:00,2023-12-09 11:00:00,0.0,0,0001,9.171875,30.13303
1970-01-01 00:00:00,2023-12-09 12:00:00,0.0,0,0001,9.067841,35.84605
1970-01-01 00:00:00,2023-12-09 13:00:00,0.0,0,0001,9.022461,45.067207
1970-01-01 00:00:00,2023-12-09 14:00:00,0.0,0,0001,8.293182,56.52927
1970-01-01 00:00:00,2023-12-09 15:00:00,0.0,0,0001,7.350464,63.80471
1970-01-01 00:00:00,2023-12-09 16:00:00,0.0,0,0001,7.259552,72.08997
1970-01-01 00:00:00,2023-12-09 17:00:00,0.0,0,0001,6.658722,77.68771
1970-01-01 00:00:00,2023-12-09 18:00:00,0.0,0,0001,6.59317,82.15855
1970-01-01 00:00:00,2023-12-09 19:00:00,0.0,0,0001,6.481262,85.07373
1970-01-01 00:00:00,2023-12-09 20:00:00,0.0,0,0001,5.6775513,87.91149
1970-01-01 00:00:00,2023-12-09 21:00:00,0.0,0,0001,5.6157837,91.670525
1970-01-01 00:00:00,2023-12-09 22:00:00,0.0,0,0001,5.077484,93.08443
1970-01-01 00:00:00,2023-12-09 23:00:00,0.008894176,0,0001,5.050049,93.72416
1970-01-01 00:00:00,2023-12-10 00:00:00,9.6141815,0,0001,4.987549,93.05678
1970-01-01 00:00:00,2023-12-10 01:00:00,52.312523,0,0001,4.949066,95.995285
1970-01-01 00:00:00,2023-12-10 02:00:00,99.81006,0,0001,5.2398987,96.782974
1970-01-01 00:00:00,2023-12-10 03:00:00,136.37946,0,0001,5.254059,97.75455
1970-01-01 00:00:00,2023-12-10 04:00:00,151.00853,0,0001,5.245575,98.28902
1970-01-01 00:00:00,2023-12-10 05:00:00,135.97258,0,0001,4.7336426,98.36105
1970-01-01 00:00:00,2023-12-10 06:00:00,116.8952,0,0001,4.6755676,98.953026
1970-01-01 00:00:00,2023-12-10 07:00:00,78.00607,0,0001,4.603058,98.81363
1970-01-01 00:00:00,2023-12-10 08:00:00,45.67018,0,0001,3.8760376,98.46897
1970-01-01 00:00:00,2023-12-10 09:00:00,11.773701,0,0001,3.8153381,98.2708
1970-01-01 00:00:00,2023-12-10 10:00:00,0.19601032,0,0001,2.9932861,97.83657
1970-01-01 00:00:00,2023-12-10 11:00:00,0.0,0,0001,2.9813232,97.27675
1970-01-01 00:00:00,2023-12-10 12:00:00,0.0,0,0001,2.9281006,98.17361
1970-01-01 00:00:00,2023-12-10 13:00:00,0.0,0,0001,2.914917,98.53502
1970-01-01 00:00:00,2023-12-10 14:00:00,0.0,0,0001,2.4878845,99.06872
1970-01-01 00:00:00,2023-12-10 15:00:00,0.0,0,0001,1.7420044,99.7259
1970-01-01 00:00:00,2023-12-10 16:00:00,0.0,0,0001,1.7007141,99.90014
1970-01-01 00:00:00,2023-12-10 17:00:00,0.0,0,0001,1.2811584,99.68951
1970-01-01 00:00:00,2023-12-10 18:00:00,0.0,0,0001,1.2536621,99.501686
1970-01-01 00:00:00,2023-12-10 19:00:00,0.0,0,0001,1.230072,99.69766
1970-01-01 00:00:00,2023-12-10 20:00:00,0.0,0,0001,0.44906616,99.27025
1970-01-01 00:00:00,2023-12-10 21:00:00,0.0,0,0001,0.40563965,98.77351
1970-01-01 00:00:00,2023-12-10 22:00:00,0.0,0,0001,-0.038024902,99.02948
1970-01-01 00:00:00,2023-12-10 23:00:00,0.0023583847,0,0001,-0.07196045,97.879234
1970-01-01 00:00:00,2023-12-11 00:00:00,4.6444526,0,0001,-0.025817871,95.14935
1970-01-01 00:00:00,2023-12-11 01:00:00,42.456367,0,0001,-0.07595825,93.41923
1970-01-01 00:00:00,2023-12-11 02:00:00,104.31178,0,0001,0.5265808,92.25016
1970-01-01 00:00:00,2023-12-11 03:00:00,171.79556,0,0001,0.57418823,89.350105
1970-01-01 00:00:00,2023-12-11 04:00:00,230.75655,0,0001,0.5819092,85.58022
1970-01-01 00:00:00,2023-12-11 05:00:00,262.58524,0,0001,1.1590271,82.961136
1970-01-01 00:00:00,2023-12-11 06:00:00,250.97195,0,0001,1.1454163,80.39656
1970-01-01 00:00:00,2023-12-11 07:00:00,195.33032,0,0001,1.1607361,79.390884
1970-01-01 00:00:00,2023-12-11 08:00:00,115.413345,0,0001,0.5975952,78.354576
1970-01-01 00:00:00,2023-12-11 09:00:00,34.064655,0,0001,0.6197815,77.01525
1970-01-01 00:00:00,2023-12-11 10:00:00,0.72145414,0,0001,-0.045532227,84.05855
1970-01-01 00:00:00,2023-12-11 11:00:00,0.0,0,0001,-0.06448364,88.95581
1970-01-01 00:00:00,2023-12-11 12:00:00,0.0,0,0001,-0.13381958,93.70209
1970-01-01 00:00:00,2023-12-11 13:00:00,0.0,0,0001,-0.041900635,95.808525
1970-01-01 00:00:00,2023-12-11 14:00:00,0.0,0,0001,-0.38635254,96.3398
1970-01-01 00:00:00,2023-12-11 15:00:00,0.0,0,0001,-0.78134155,93.916916
1970-01-01 00:00:00,2023-12-11 16:00:00,0.0,0,0001,-0.7868042,89.79544
1970-01-01 00:00:00,2023-12-11 17:00:00,0.0,0,0001,-1.1175842,82.85113
1970-01-01 00:00:00,2023-12-11 18:00:00,0.0,0,0001,-1.1056824,74.111206
1970-01-01 00:00:00,2023-12-11 19:00:00,0.0,0,0001,-1.1316528,63.48554
1970-01-01 00:00:00,2023-12-11 20:00:00,0.0,0,0001,-1.4990845,54.147995
1970-01-01 00:00:00,2023-12-11 21:00:00,0.0,0,0001,-1.5164185,45.14827
1970-01-01 00:00:00,2023-12-11 22:00:00,0.0,0,0001,-1.5220032,57.02061
1970-01-01 00:00:00,2023-12-11 23:00:00,0.0018824773,0,0001,-1.4890137,55.34103
1970-01-01 00:00:00,2023-12-12 00:00:00,14.722835,0,0001,-1.4577026,54.33582
1970-01-01 00:00:00,2023-12-12 01:00:00,111.19483,0,0001,-1.3758545,57.819645
1970-01-01 00:00:00,2023-12-12 02:00:00,236.24486,0,0001,0.5639343,56.570583
1970-01-01 00:00:00,2023-12-12 03:00:00,347.63428,0,0001,0.6194458,55.390793
1970-01-01 00:00:00,2023-12-12 04:00:00,420.4293,0,0001,0.6873474,51.684284
1970-01-01 00:00:00,2023-12-12 05:00:00,436.27097,0,0001,1.9014587,46.729965
1970-01-01 00:00:00,2023-12-12 06:00:00,402.2919,0,0001,2.0370178,43.531452
1970-01-01 00:00:00,2023-12-12 07:00:00,282.49475,0,0001,2.0437622,39.16558
1970-01-01 00:00:00,2023-12-12 08:00:00,168.39037,0,0001,1.4673157,38.547943
1970-01-01 00:00:00,2023-12-12 09:00:00,50.94025,0,0001,1.3311768,37.82623
1970-01-01 00:00:00,2023-12-12 10:00:00,1.1945906,0,0001,0.45843506,51.22725
1970-01-01 00:00:00,2023-12-12 11:00:00,0.0,0,0001,0.41000366,57.279514
1970-01-01 00:00:00,2023-12-12 12:00:00,0.0,0,0001,0.36886597,62.820698
1970-01-01 00:00:00,2023-12-12 13:00:00,0.0,0,0001,0.3514099,67.107216
1970-01-01 00:00:00,2023-12-12 14:00:00,0.0,0,0001,0.25628662,69.426506
1970-01-01 00:00:00,2023-12-12 15:00:00,0.0,0,0001,0.26104736,71.77185
1970-01-01 00:00:00,2023-12-12 16:00:00,0.0,0,0001,0.30892944,74.82334
1970-01-01 00:00:00,2023-12-12 17:00:00,0.0,0,0001,0.23431396,78.299355
1970-01-01 00:00:00,2023-12-12 18:00:00,0.0,0,0001,0.24575806,82.32654
1970-01-01 00:00:00,2023-12-12 19:00:00,0.0,0,0001,0.19110107,85.937996
1970-01-01 00:00:00,2023-12-12 20:00:00,0.0,0,0001,0.35131836,89.28398
1970-01-01 00:00:00,2023-12-12 21:00:00,0.0,0,0001,0.33285522,91.95903
1970-01-01 00:00:00,2023-12-12 22:00:00,0.0,0,0001,0.5086975,95.28161
1970-01-01 00:00:00,2023-12-12 23:00:00,0.0057108863,0,0001,0.53897095,95.70924
1970-01-01 00:00:00,2023-12-13 00:00:00,8.376707,0,0001,0.54956055,97.14308
1970-01-01 00:00:00,2023-12-13 01:00:00,41.415287,0,0001,0.5584717,96.5442
1970-01-01 00:00:00,2023-12-13 02:00:00,80.98925,0,0001,1.434021,97.1376
1970-01-01 00:00:00,2023-12-13 03:00:00,117.49974,0,0001,1.4762573,97.27616
1970-01-01 00:00:00,2023-12-13 04:00:00,127.97244,0,0001,1.5358582,97.22744
1970-01-01 00:00:00,2023-12-13 05:00:00,133.0328,0,0001,1.8929749,97.33916
1970-01-01 00:00:00,2023-12-13 06:00:00,110.07956,0,0001,1.93219,97.87145
1970-01-01 00:00:00,2023-12-13 07:00:00,81.15933,0,0001,1.930481,97.542885
1970-01-01 00:00:00,2023-12-13 08:00:00,45.311802,0,0001,1.8113098,97.14321
1970-01-01 00:00:00,2023-12-13 09:00:00,14.4875345,0,0001,1.8360901,96.45543
1970-01-01 00:00:00,2023-12-13 10:00:00,0.44705665,0,0001,1.7054749,96.8227
1970-01-01 00:00:00,2023-12-13 11:00:00,0.0,0,0001,1.7044678,97.58189
1970-01-01 00:00:00,2023-12-13 12:00:00,0.0,0,0001,1.7062988,98.1094
1970-01-01 00:00:00,2023-12-13 13:00:00,0.0,0,0001,1.6795654,97.61077
1970-01-01 00:00:00,2023-12-13 14:00:00,0.0,0,0001,1.6972046,97.8315
1970-01-01 00:00:00,2023-12-13 15:00:00,0.0,0,0001,1.4650879,97.10033
1970-01-01 00:00:00,2023-12-13 16:00:00,0.0,0,0001,1.4754639,97.651985
1970-01-01 00:00:00,2023-12-13 17:00:00,0.0,0,0001,1.3843384,97.20184
1970-01-01 00:00:00,2023-12-13 18:00:00,0.0,0,0001,1.3727417,95.91496
1970-01-01 00:00:00,2023-12-13 19:00:00,0.0,0,0001,1.3508606,96.10678
1970-01-01 00:00:00,2023-12-13 20:00:00,0.0,0,0001,1.1732788,95.364586
1970-01-01 00:00:00,2023-12-13 21:00:00,0.0,0,0001,1.1560669,96.105644
1970-01-01 00:00:00,2023-12-13 22:00:00,0.0,0,0001,0.97494507,96.9193
1970-01-01 00:00:00,2023-12-13 23:00:00,0.0055205235,0,0001,0.99920654,96.95379
1970-01-01 00:00:00,2023-12-14 00:00:00,4.2565246,0,0001,1.0341492,97.241325
1970-01-01 00:00:00,2023-12-14 01:00:00,26.18416,0,0001,1.055542,96.675735
1970-01-01 00:00:00,2023-12-14 02:00:00,56.875534,0,0001,1.4839783,96.35255
1970-01-01 00:00:00,2023-12-14 03:00:00,84.96731,0,0001,1.515625,96.06322
1970-01-01 00:00:00,2023-12-14 04:00:00,107.99085,0,0001,1.5374451,95.7163
1970-01-01 00:00:00,2023-12-14 05:00:00,106.32493,0,0001,1.6737366,95.29318
1970-01-01 00:00:00,2023-12-14 06:00:00,97.98448,0,0001,1.6967163,94.647125
1970-01-01 00:00:00,2023-12-14 07:00:00,72.31877,0,0001,1.6893616,94.07766
1970-01-01 00:00:00,2023-12-14 08:00:00,44.12657,0,0001,1.0486145,94.309906
1970-01-01 00:00:00,2023-12-14 09:00:00,14.958895,0,0001,0.9954529,94.37675
1970-01-01 00:00:00,2023-12-14 10:00:00,0.42165378,0,0001,0.17730713,95.72814
1970-01-01 00:00:00,2023-12-14 11:00:00,0.0,0,0001,0.12994385,95.474205
1970-01-01 00:00:00,2023-12-14 12:00:00,0.0,0,0001,0.045562744,96.5366
1970-01-01 00:00:00,2023-12-14 13:00:00,0.0,0,0001,-0.0770874,94.53747
1970-01-01 00:00:00,2023-12-14 14:00:00,0.0,0,0001,-0.60321045,91.91121
1970-01-01 00:00:00,2023-12-14 15:00:00,0.0,0,0001,-1.3043518,91.016914
1970-01-01 00:00:00,2023-12-14 16:00:00,0.0,0,0001,-1.412262,91.87202
1970-01-01 00:00:00,2023-12-14 17:00:00,0.0,0,0001,-1.9092407,90.55855
1970-01-01 00:00:00,2023-12-14 18:00:00,0.0,0,0001,-1.9779968,88.91089
1970-01-01 00:00:00,2023-12-14 19:00:00,0.0,0,0001,-2.0222168,86.96988
1970-01-01 00:00:00,2023-12-14 20:00:00,0.0,0,0001,-2.7387695,88.49985
1970-01-01 00:00:00,2023-12-14 21:00:00,0.0,0,0001,-2.7778625,89.01835
1970-01-01 00:00:00,2023-12-14 22:00:00,0.0,0,0001,-3.480957,91.85153
1970-01-01 00:00:00,2023-12-14 23:00:00,0.00078260293,0,0001,-3.6012268,93.89663
1970-01-01 00:00:00,2023-12-15 00:00:00,7.3941913,0,0001,-3.6809692,94.96341
1970-01-01 00:00:00,2023-12-15 01:00:00,60.739613,0,0001,-3.6627197,96.28839
1970-01-01 00:00:00,2023-12-15 02:00:00,131.05673,0,0001,-3.3766785,97.70287
1970-01-01 00:00:00,2023-12-15 03:00:00,190.22882,0,0001,-3.3970642,97.43164
1970-01-01 00:00:00,2023-12-15 04:00:00,233.06541,0,0001,-3.4207764,94.180244
1970-01-01 00:00:00,2023-12-15 05:00:00,238.01527,0,0001,-3.3952332,93.49318
1970-01-01 00:00:00,2023-12-15 06:00:00,233.23666,0,0001,-3.3979187,90.51032
1970-01-01 00:00:00,2023-12-15 07:00:00,171.0077,0,0001,-3.4441223,83.16523
1970-01-01 00:00:00,2023-12-15 08:00:00,110.78747,0,0001,-3.9955444,78.394905
1970-01-01 00:00:00,2023-12-15 09:00:00,34.87209,0,0001,-3.950531,74.20621
1970-01-01 00:00:00,2023-12-15 10:00:00,0.96386015,0,0001,-4.817322,76.76863
1970-01-01 00:00:00,2023-12-15 11:00:00,0.0,0,0001,-4.845276,73.7182
1970-01-01 00:00:00,2023-12-15 12:00:00,0.0,0,0001,-4.818115,66.7485
1970-01-01 00:00:00,2023-12-15 13:00:00,0.0,0,0001,-4.9094543,58.48651
1970-01-01 00:00:00,2023-12-15 14:00:00,0.0,0,0001,-5.4125977,52.3384
1970-01-01 00:00:00,2023-12-15 15:00:00,0.0,0,0001,-6.151642,47.756382
1970-01-01 00:00:00,2023-12-15 16:00:00,0.0,0,0001,-6.225891,47.325035
1970-01-01 00:00:00,2023-12-15 17:00:00,0.0,0,0001,-6.805481,43.408688
1970-01-01 00:00:00,2023-12-15 18:00:00,0.0,0,0001,-6.8759766,39.081593
1970-01-01 00:00:00,2023-12-15 19:00:00,0.0,0,0001,-6.9399414,36.389225
1970-01-01 00:00:00,2023-12-15 20:00:00,0.0,0,0001,-7.6399536,35.686584
1970-01-01 00:00:00,2023-12-15 21:00:00,0.0,0,0001,-7.709564,33.59478
1970-01-01 00:00:00,2023-12-15 22:00:00,0.0,0,0001,-8.218689,35.708355
1970-01-01 00:00:00,2023-12-15 23:00:00,0.0021151432,0,0001,-8.210815,34.87436
1970-01-01 00:00:00,2023-12-16 00:00:00,15.891208,0,0001,-8.19812,32.77264
1970-01-01 00:00:00,2023-12-16 01:00:00,117.916405,0,0001,-8.043671,31.259956
1970-01-01 00:00:00,2023-12-16 02:00:00,262.34836,0,0001,-5.78656,29.650974
1970-01-01 00:00:00,2023-12-16 03:00:00,385.73257,0,0001,-5.719818,27.16171
1970-01-01 00:00:00,2023-12-16 04:00:00,466.99536,0,0001,-5.657837,22.873419
1970-01-01 00:00:00,2023-12-16 05:00:00,494.52164,0,0001,-4.460388,20.934708
1970-01-01 00:00:00,2023-12-16 06:00:00,454.52292,0,0001,-4.401703,21.748554
1970-01-01 00:00:00,2023-12-16 07:00:00,352.00604,0,0001,-4.356842,21.596495
1970-01-01 00:00:00,2023-12-16 08:00:00,212.11066,0,0001,-5.2063293,22.080233
1970-01-01 00:00:00,2023-12-16 09:00:00,65.80638,0,0001,-5.2846375,20.149368
1970-01-01 00:00:00,2023-12-16 10:00:00,1.7332858,0,0001,-6.9085083,24.09496
1970-01-01 00:00:00,2023-12-16 11:00:00,0.0,0,0001,-6.996277,29.641045
1970-01-01 00:00:00,2023-12-16 12:00:00,0.0,0,0001,-7.0183105,34.760803
1970-01-01 00:00:00,2023-12-16 13:00:00,0.0,0,0001,-7.0898743,38.632465
1970-01-01 00:00:00,2023-12-16 14:00:00,0.0,0,0001,-7.46167,38.114506
1970-01-01 00:00:00,2023-12-16 15:00:00,0.0,0,0001,-8.312317,32.4195
1970-01-01 00:00:00,2023-12-16 16:00:00,0.0,0,0001,-8.371826,25.02702
1970-01-01 00:00:00,2023-12-16 17:00:00,0.0,0,0001,-8.921173,21.015535
1970-01-01 00:00:00,2023-12-16 18:00:00,0.0,0,0001,-9.088867,17.625807
1970-01-01 00:00:00,2023-12-16 19:00:00,0.0,0,0001,-9.137512,16.89108
1970-01-01 00:00:00,2023-12-16 20:00:00,0.0,0,0001,-9.871674,13.95055
1970-01-01 00:00:00,2023-12-16 21:00:00,0.0,0,0001,-10.050018,12.039793
1970-01-01 00:00:00,2023-12-16 22:00:00,0.0,0,0001,-10.092651,14.544254
1970-01-01 00:00:00,2023-12-16 23:00:00,0.002464142,0,0001,-10.141205,15.123506
1970-01-01 00:00:00,2023-12-17 00:00:00,18.960014,0,0001,-9.869019,17.16184
1970-01-01 00:00:00,2023-12-17 01:00:00,137.15407,0,0001,-9.02182,16.668377
1970-01-01 00:00:00,2023-12-17 02:00:00,291.64404,0,0001,-5.776062,17.314154
1970-01-01 00:00:00,2023-12-17 03:00:00,417.3494,0,0001,-5.470886,19.162458
1970-01-01 00:00:00,2023-12-17 04:00:00,490.93176,0,0001,-5.2085876,23.707287
1970-01-01 00:00:00,2023-12-17 05:00:00,497.18668,0,0001,-3.9587708,30.542856
1970-01-01 00:00:00,2023-12-17 06:00:00,441.21555,0,0001,-3.9691772,37.963024
1970-01-01 00:00:00,2023-12-17 07:00:00,315.37143,0,0001,-3.9462585,46.383553
1970-01-01 00:00:00,2023-12-17 08:00:00,181.26076,0,0001,-4.6019287,49.397232
1970-01-01 00:00:00,2023-12-17 09:00:00,51.636543,0,0001,-4.8085938,53.57009
1970-01-01 00:00:00,2023-12-17 10:00:00,1.2126327,0,0001,-5.82782,59.211422
1970-01-01 00:00:00,2023-12-17 11:00:00,0.0,0,0001,-5.943756,64.58388
1970-01-01 00:00:00,2023-12-17 12:00:00,0.0,0,0001,-5.9761353,70.14488
1970-01-01 00:00:00,2023-12-17 13:00:00,0.0,0,0001,-6.007263,73.01553
1970-01-01 00:00:00,2023-12-17 14:00:00,0.0,0,0001,-6.079529,77.78641
1970-01-01 00:00:00,2023-12-17 15:00:00,0.0,0,0001,-6.077942,81.455185
1970-01-01 00:00:00,2023-12-17 16:00:00,0.0,0,0001,-6.1194763,83.2564
1970-01-01 00:00:00,2023-12-17 17:00:00,0.0,0,0001,-6.1824036,81.932365
1970-01-01 00:00:00,2023-12-17 18:00:00,0.0,0,0001,-6.157593,81.82971
1970-01-01 00:00:00,2023-12-17 19:00:00,0.0,0,0001,-6.1563416,79.5655
1970-01-01 00:00:00,2023-12-17 20:00:00,0.0,0,0001,-6.141815,84.30763
1970-01-01 00:00:00,2023-12-17 21:00:00,0.0,0,0001,-6.0608826,84.7948
1970-01-01 00:00:00,2023-12-17 22:00:00,0.0,0,0001,-6.2509155,86.10427
1970-01-01 00:00:00,2023-12-17 23:00:00,0.0004759072,0,0001,-6.3065186,82.69955
1970-01-01 00:00:00,2023-12-18 00:00:00,7.659779,0,0001,-6.2344055,81.04057
1970-01-01 00:00:00,2023-12-18 01:00:00,69.15514,0,0001,-5.884369,76.78308
1970-01-01 00:00:00,2023-12-18 02:00:00,163.93861,0,0001,-4.0913696,74.62821
1970-01-01 00:00:00,2023-12-18 03:00:00,252.38272,0,0001,-3.8345642,76.560555
1970-01-01 00:00:00,2023-12-18 04:00:00,311.82904,0,0001,-3.6839905,76.38901
1970-01-01 00:00:00,2023-12-18 05:00:00,332.8888,0,0001,-2.424408,75.3725
1970-01-01 00:00:00,2023-12-18 06:00:00,315.35577,0,0001,-2.3431396,75.35809
1970-01-01 00:00:00,2023-12-18 07:00:00,226.05783,0,0001,-2.338379,73.74395
1970-01-01 00:00:00,2023-12-18 08:00:00,138.74698,0,0001,-2.6672974,70.10342
1970-01-01 00:00:00,2023-12-18 09:00:00,46.653786,0,0001,-2.7789001,65.995804
1970-01-01 00:00:00,2023-12-18 10:00:00,1.737167,0,0001,-4.242523,60.129444
1970-01-01 00:00:00,2023-12-18 11:00:00,0.0,0,0001,-4.3361816,54.397236
1970-01-01 00:00:00,2023-12-18 12:00:00,0.0,0,0001,-4.397064,49.469986
1970-01-01 00:00:00,2023-12-18 13:00:00,0.0,0,0001,-4.511139,43.427532
1970-01-01 00:00:00,2023-12-18 14:00:00,0.0,0,0001,-4.8497314,38.562607
1970-01-01 00:00:00,2023-12-18 15:00:00,0.0,0,0001,-5.4273987,37.262077
1970-01-01 00:00:00,2023-12-18 16:00:00,0.0,0,0001,-5.460907,37.65776
1970-01-01 00:00:00,2023-12-18 17:00:00,0.0,0,0001,-5.80719,38.35123
1970-01-01 00:00:00,2023-12-18 18:00:00,0.0,0,0001,-5.870941,40.74951
1970-01-01 00:00:00,2023-12-18 19:00:00,0.0,0,0001,-5.870178,42.7464
1970-01-01 00:00:00,2023-12-18 20:00:00,0.0,0,0001,-6.4645996,42.860645
1970-01-01 00:00:00,2023-12-18 21:00:00,0.0,0,0001,-6.361908,41.858425
1970-01-01 00:00:00,2023-12-18 22:00:00,0.0,0,0001,-6.7685547,42.447002
1970-01-01 00:00:00,2023-12-18 23:00:00,0.00035957433,0,0001,-6.8752747,39.770477
1970-01-01 00:00:00,2023-12-19 00:00:00,13.728379,0,0001,-6.7297363,39.285187
1970-01-01 00:00:00,2023-12-19 01:00:00,114.46315,0,0001,-6.498932,34.34742
1970-01-01 00:00:00,2023-12-19 02:00:00,258.7619,0,0001,-2.966095,29.926151
1970-01-01 00:00:00,2023-12-19 03:00:00,384.27277,0,0001,-2.847229,27.816095
1970-01-01 00:00:00,2023-12-19 04:00:00,463.5313,0,0001,-2.784027,26.905962
1970-01-01 00:00:00,2023-12-19 05:00:00,481.39633,0,0001,-1.2232971,25.269382
1970-01-01 00:00:00,2023-12-19 06:00:00,440.64838,0,0001,-1.2082825,24.30462
1970-01-01 00:00:00,2023-12-19 07:00:00,332.73416,0,0001,-1.234436,24.571953
1970-01-01 00:00:00,2023-12-19 08:00:00,202.15553,0,0001,-2.439331,22.962168
1970-01-01 00:00:00,2023-12-19 09:00:00,64.83852,0,0001,-2.5527344,20.64035
1970-01-01 00:00:00,2023-12-19 10:00:00,2.2048993,0,0001,-4.9111023,18.686024
1970-01-01 00:00:00,2023-12-19 11:00:00,0.0,0,0001,-5.101959,18.03777
1970-01-01 00:00:00,2023-12-19 12:00:00,0.0,0,0001,-5.201111,18.903654
1970-01-01 00:00:00,2023-12-19 13:00:00,0.0,0,0001,-5.265747,20.827427
1970-01-01 00:00:00,2023-12-19 14:00:00,0.0,0,0001,-5.9579163,24.927673
1970-01-01 00:00:00,2023-12-19 15:00:00,0.0,0,0001,-6.967102,29.809233
1970-01-01 00:00:00,2023-12-19 16:00:00,0.0,0,0001,-7.135681,31.448105
1970-01-01 00:00:00,2023-12-19 17:00:00,0.0,0,0001,-7.7051697,30.759275
1970-01-01 00:00:00,2023-12-19 18:00:00,0.0,0,0001,-7.7980347,29.303566
1970-01-01 00:00:00,2023-12-19 19:00:00,0.0,0,0001,-7.917511,26.610676
1970-01-01 00:00:00,2023-12-19 20:00:00,0.0,0,0001,-8.727264,27.734358
1970-01-01 00:00:00,2023-12-19 21:00:00,0.0,0,0001,-8.739746,26.87306
1970-01-01 00:00:00,2023-12-19 22:00:00,0.0,0,0001,-9.500183,27.006891
1970-01-01 00:00:00,2023-12-19 23:00:00,0.0009835416,0,0001,-9.513763,22.166656
1970-01-01 00:00:00,2023-12-20 00:00:00,15.992343,0,0001,-9.350555,20.183321
1970-01-01 00:00:00,2023-12-20 01:00:00,126.06878,0,0001,-8.851349,19.24756
1970-01-01 00:00:00,2023-12-20 02:00:00,277.67078,0,0001,-6.072815,16.9942
1970-01-01 00:00:00,2023-12-20 03:00:00,409.2915,0,0001,-5.9701843,15.48926
1970-01-01 00:00:00,2023-12-20 04:00:00,492.47018,0,0001,-5.8466797,16.728077
1970-01-01 00:00:00,2023-12-20 05:00:00,511.19885,0,0001,-4.386566,18.367403
1970-01-01 00:00:00,2023-12-20 06:00:00,464.14905,0,0001,-4.3312073,19.669767
1970-01-01 00:00:00,2023-12-20 07:00:00,355.6125,0,0001,-4.2700195,21.320309
1970-01-01 00:00:00,2023-12-20 08:00:00,214.89117,0,0001,-5.277954,19.873423
1970-01-01 00:00:00,2023-12-20 09:00:00,68.101364,0,0001,-5.35495,14.802567
1970-01-01 00:00:00,2023-12-20 10:00:00,2.1209598,0,0001,-7.1245117,11.576666
1970-01-01 00:00:00,2023-12-20 11:00:00,0.0,0,0001,-7.2332153,10.264458
1970-01-01 00:00:00,2023-12-20 12:00:00,0.0,0,0001,-7.3062134,11.041654
1970-01-01 00:00:00,2023-12-20 13:00:00,0.0,0,0001,-7.408478,11.409199
1970-01-01 00:00:00,2023-12-20 14:00:00,0.0,0,0001,-7.9789734,11.1463375
1970-01-01 00:00:00,2023-12-20 15:00:00,0.0,0,0001,-8.891113,11.972765
1970-01-01 00:00:00,2023-12-20 16:00:00,0.0,0,0001,-9.015686,13.782057
1970-01-01 00:00:00,2023-12-20 17:00:00,0.0,0,0001,-9.55481,15.356937
1970-01-01 00:00:00,2023-12-20 18:00:00,0.0,0,0001,-9.583252,16.22481
1970-01-01 00:00:00,2023-12-20 19:00:00,0.0,0,0001,-9.729706,17.3661
1970-01-01 00:00:00,2023-12-20 20:00:00,0.0,0,0001,-10.554047,18.40685
1970-01-01 00:00:00,2023-12-20 21:00:00,0.0,0,0001,-10.598114,19.66581
1970-01-01 00:00:00,2023-12-20 22:00:00,0.0,0,0001,-11.186951,19.630571
1970-01-01 00:00:00,2023-12-20 23:00:00,0.00072972436,0,0001,-11.138306,19.39751
1970-01-01 00:00:00,2023-12-21 00:00:00,16.99454,0,0001,-11.06427,19.027243
1970-01-01 00:00:00,2023-12-21 01:00:00,131.46086,0,0001,-10.820068,20.47282
1970-01-01 00:00:00,2023-12-21 02:00:00,284.8709,0,0001,-7.669403,19.073978
1970-01-01 00:00:00,2023-12-21 03:00:00,418.18002,0,0001,-7.4943542,17.21575
1970-01-01 00:00:00,2023-12-21 04:00:00,501.62283,0,0001,-7.3897095,14.6371975
1970-01-01 00:00:00,2023-12-21 05:00:00,520.96204,0,0001,-5.583618,10.33321
1970-01-01 00:00:00,2023-12-21 06:00:00,478.05527,0,0001,-5.5345154,8.322124
1970-01-01 00:00:00,2023-12-21 07:00:00,368.49222,0,0001,-5.46286,8.03428
1970-01-01 00:00:00,2023-12-21 08:00:00,225.75049,0,0001,-6.161804,8.088954
1970-01-01 00:00:00,2023-12-21 09:00:00,73.36232,0,0001,-6.273224,9.004474
1970-01-01 00:00:00,2023-12-21 10:00:00,2.4085557,0,0001,-8.349609,9.325292
1970-01-01 00:00:00,2023-12-21 11:00:00,0.0,0,0001,-8.404816,9.413383
1970-01-01 00:00:00,2023-12-21 12:00:00,0.0,0,0001,-8.467743,9.843032
1970-01-01 00:00:00,2023-12-21 13:00:00,0.0,0,0001,-8.519012,9.558554
1970-01-01 00:00:00,2023-12-21 14:00:00,0.0,0,0001,-9.182251,7.918992
1970-01-01 00:00:00,2023-12-21 15:00:00,0.0,0,0001,-10.121948,5.804075
1970-01-01 00:00:00,2023-12-21 16:00:00,0.0,0,0001,-10.248138,4.833088
1970-01-01 00:00:00,2023-12-21 17:00:00,0.0,0,0001,-10.880066,4.736991
1970-01-01 00:00:00,2023-12-21 18:00:00,0.0,0,0001,-11.001556,6.196831
1970-01-01 00:00:00,2023-12-21 19:00:00,0.0,0,0001,-11.008118,10.395967
1970-01-01 00:00:00,2023-12-21 20:00:00,0.0,0,0001,-11.592804,14.767387
1970-01-01 00:00:00,2023-12-21 21:00:00,0.0,0,0001,-11.638397,19.81867
1970-01-01 00:00:00,2023-12-21 22:00:00,0.0,0,0001,-11.566467,22.61253
1970-01-01 00:00:00,2023-12-21 23:00:00,0.0004970586,0,0001,-11.594543,26.542192
1970-01-01 00:00:00,2023-12-22 00:00:00,16.910517,0,0001,-11.417084,32.048077
1970-01-01 00:00:00,2023-12-22 01:00:00,130.54689,0,0001,-10.734283,35.945877
1970-01-01 00:00:00,2023-12-22 02:00:00,281.16644,0,0001,-5.680969,39.96348
1970-01-01 00:00:00,2023-12-22 03:00:00,406.8087,0,0001,-5.4176636,44.022175
1970-01-01 00:00:00,2023-12-22 04:00:00,485.1723,0,0001,-5.15625,45.740116
1970-01-01 00:00:00,2023-12-22 05:00:00,500.55145,0,0001,-2.9224243,51.230873
1970-01-01 00:00:00,2023-12-22 06:00:00,451.47424,0,0001,-2.8483582,57.308697
1970-01-01 00:00:00,2023-12-22 07:00:00,342.12366,0,0001,-2.8654785,62.16103
1970-01-01 00:00:00,2023-12-22 08:00:00,201.86353,0,0001,-3.6907349,66.4108
1970-01-01 00:00:00,2023-12-22 09:00:00,63.51601,0,0001,-3.8639526,65.6546
1970-01-01 00:00:00,2023-12-22 10:00:00,2.1607244,0,0001,-5.6185303,67.20263
1970-01-01 00:00:00,2023-12-22 11:00:00,0.0,0,0001,-5.7602844,69.00901
1970-01-01 00:00:00,2023-12-22 12:00:00,0.0,0,0001,-5.8322754,68.173965
1970-01-01 00:00:00,2023-12-22 13:00:00,0.0,0,0001,-5.807007,66.3102
1970-01-01 00:00:00,2023-12-22 14:00:00,0.0,0,0001,-6.2138977,61.134686
1970-01-01 00:00:00,2023-12-22 15:00:00,0.0,0,0001,-6.905945,56.656586
1970-01-01 00:00:00,2023-12-22 16:00:00,0.0,0,0001,-6.9353333,50.30366
1970-01-01 00:00:00,2023-12-22 17:00:00,0.0,0,0001,-7.3881836,46.68295
1970-01-01 00:00:00,2023-12-22 18:00:00,0.0,0,0001,-7.4527283,40.641148
1970-01-01 00:00:00,2023-12-22 19:00:00,0.0,0,0001,-7.41037,34.52731
1970-01-01 00:00:00,2023-12-22 20:00:00,0.0,0,0001,-8.161133,31.380283
1970-01-01 00:00:00,2023-12-22 21:00:00,0.0,0,0001,-8.202209,27.72497
1970-01-01 00:00:00,2023-12-22 22:00:00,0.0,0,0001,-8.643829,25.518015
1970-01-01 00:00:00,2023-12-22 23:00:00,0.00028554432,0,0001,-8.611542,23.618769
1970-01-01 00:00:00,2023-12-23 00:00:00,14.470995,0,0001,-8.589508,23.233545
1970-01-01 00:00:00,2023-12-23 01:00:00,121.494995,0,0001,-7.830963,22.178946
1970-01-01 00:00:00,2023-12-23 02:00:00,271.178,0,0001,-2.8623047,22.517523
1970-01-01 00:00:00,2023-12-23 03:00:00,398.8764,0,0001,-2.6905518,22.13366
1970-01-01 00:00:00,2023-12-23 04:00:00,476.43768,0,0001,-2.5100403,21.20768
1970-01-01 00:00:00,2023-12-23 05:00:00,498.58694,0,0001,0.08694458,18.568712
1970-01-01 00:00:00,2023-12-23 06:00:00,455.27292,0,0001,0.113708496,17.318571
1970-01-01 00:00:00,2023-12-23 07:00:00,363.8143,0,0001,0.09921265,15.459832
1970-01-01 00:00:00,2023-12-23 08:00:00,221.45248,0,0001,-0.9774475,16.152857
1970-01-01 00:00:00,2023-12-23 09:00:00,72.81553,0,0001,-1.1193237,14.571597
1970-01-01 00:00:00,2023-12-23 10:00:00,2.651998,0,0001,-4.305023,14.103198
1970-01-01 00:00:00,2023-12-23 11:00:00,0.0,0,0001,-4.3776245,11.117962
1970-01-01 00:00:00,2023-12-23 12:00:00,0.0,0,0001,-4.483307,9.5031395
1970-01-01 00:00:00,2023-12-23 13:00:00,0.0,0,0001,-4.456085,10.0528755
1970-01-01 00:00:00,2023-12-23 14:00:00,0.0,0,0001,-5.2075195,11.268637
1970-01-01 00:00:00,2023-12-23 15:00:00,0.0,0,0001,-6.137848,11.428564
1970-01-01 00:00:00,2023-12-23 16:00:00,0.0,0,0001,-6.1770935,11.269956
1970-01-01 00:00:00,2023-12-23 17:00:00,0.0,0,0001,-6.752136,12.434744
1970-01-01 00:00:00,2023-12-23 18:00:00,0.0,0,0001,-6.8340454,13.645801
1970-01-01 00:00:00,2023-12-23 19:00:00,0.0,0,0001,-6.831085,14.273709
1970-01-01 00:00:00,2023-12-23 20:00:00,0.0,0,0001,-7.810211,12.203887
1970-01-01 00:00:00,2023-12-23 21:00:00,0.0,0,0001,-8.018372,10.577571
1970-01-01 00:00:00,2023-12-23 22:00:00,0.0,0,0001,-8.205994,8.064407
1970-01-01 00:00:00,2023-12-23 23:00:00,0.00017978717,0,0001,-8.231964,4.5926685
1970-01-01 00:00:00,2023-12-24 00:00:00,15.522527,0,0001,-8.017181,2.5137298
1970-01-01 00:00:00,2023-12-24 01:00:00,130.56178,0,0001,-7.3499756,1.5837226
1970-01-01 00:00:00,2023-12-24 02:00:00,289.1432,0,0001,-1.763977,2.108202
1970-01-01 00:00:00,2023-12-24 03:00:00,421.58542,0,0001,-1.5562134,1.9603649
1970-01-01 00:00:00,2023-12-24 04:00:00,502.67163,0,0001,-1.3826599,2.0882611
1970-01-01 00:00:00,2023-12-24 05:00:00,522.5571,0,0001,1.7230835,2.0300543
1970-01-01 00:00:00,2023-12-24 06:00:00,478.9764,0,0001,1.7875671,1.962215
1970-01-01 00:00:00,2023-12-24 07:00:00,376.80865,0,0001,1.8196411,1.3513242
1970-01-01 00:00:00,2023-12-24 08:00:00,231.90097,0,0001,0.99890137,0.46875617
1970-01-01 00:00:00,2023-12-24 09:00:00,77.78961,0,0001,0.94488525,0.08416388
1970-01-01 00:00:00,2023-12-24 10:00:00,3.0429928,0,0001,-2.6810913,0.031009564
1970-01-01 00:00:00,2023-12-24 11:00:00,0.0,0,0001,-2.788269,0.036417767
1970-01-01 00:00:00,2023-12-24 12:00:00,0.0,0,0001,-2.8209534,0.06781946
1970-01-01 00:00:00,2023-12-24 13:00:00,0.0,0,0001,-3.045807,0.08070365
1970-01-01 00:00:00,2023-12-24 14:00:00,0.0,0,0001,-3.9971008,0.035482813
1970-01-01 00:00:00,2023-12-24 15:00:00,0.0,0,0001,-5.095276,0.062636375
1970-01-01 00:00:00,2023-12-24 16:00:00,0.0,0,0001,-5.204956,0.009195213
1970-01-01 00:00:00,2023-12-24 17:00:00,0.0,0,0001,-5.7817993,0.04368316
1970-01-01 00:00:00,2023-12-24 18:00:00,0.0,0,0001,-5.8305664,0.08113028
1970-01-01 00:00:00,2023-12-24 19:00:00,0.0,0,0001,-5.8777466,0.32346454
1970-01-01 00:00:00,2023-12-24 20:00:00,0.0,0,0001,-6.7147217,0.7743822
1970-01-01 00:00:00,2023-12-24 21:00:00,0.0,0,0001,-6.724823,1.303863
1970-01-01 00:00:00,2023-12-24 22:00:00,0.0,0,0001,-6.8058167,1.754708
1970-01-01 00:00:00,2023-12-24 23:00:00,0.00010575716,0,0001,-6.9093018,1.7502947
1970-01-01 00:00:00,2023-12-25 00:00:00,15.340963,0,0001,-6.7278137,2.889176
1970-01-01 00:00:00,2023-12-25 01:00:00,129.2367,0,0001,-5.7951965,3.0794125
1970-01-01 00:00:00,2023-12-25 02:00:00,286.9912,0,0001,0.91467285,1.904108
1970-01-01 00:00:00,2023-12-25 03:00:00,418.88483,0,0001,1.2637329,2.0927887
1970-01-01 00:00:00,2023-12-25 04:00:00,500.6429,0,0001,2.0859375,2.471116
1970-01-01 00:00:00,2023-12-25 05:00:00,521.0586,0,0001,5.1100464,3.3864384
1970-01-01 00:00:00,2023-12-25 06:00:00,478.01138,0,0001,5.164795,4.949902
1970-01-01 00:00:00,2023-12-25 07:00:00,376.45697,0,0001,5.231842,7.2036424
1970-01-01 00:00:00,2023-12-25 08:00:00,231.10117,0,0001,3.981842,8.6771
1970-01-01 00:00:00,2023-12-25 09:00:00,77.26889,0,0001,3.7059631,10.7133255
1970-01-01 00:00:00,2023-12-25 10:00:00,3.111238,0,0001,0.21047974,14.9716425
1970-01-01 00:00:00,2023-12-25 11:00:00,0.0,0,0001,-0.093811035,18.107574
1970-01-01 00:00:00,2023-12-25 12:00:00,0.0,0,0001,-0.2763977,22.047256
1970-01-01 00:00:00,2023-12-25 13:00:00,0.0,0,0001,-0.29248047,24.45598
1970-01-01 00:00:00,2023-12-25 14:00:00,0.0,0,0001,-0.93743896,28.05555
1970-01-01 00:00:00,2023-12-25 15:00:00,0.0,0,0001,-1.5541687,31.018492
1970-01-01 00:00:00,2023-12-25 16:00:00,0.0,0,0001,-1.6955261,31.959095
1970-01-01 00:00:00,2023-12-25 17:00:00,0.0,0,0001,-2.2086182,33.593006
1970-01-01 00:00:00,2023-12-25 18:00:00,0.0,0,0001,-2.2688293,38.415993
1970-01-01 00:00:00,2023-12-25 19:00:00,0.0,0,0001,-2.2153625,41.21518
1970-01-01 00:00:00,2023-12-25 20:00:00,0.0,0,0001,-2.7514343,43.15349
1970-01-01 00:00:00,2023-12-25 21:00:00,0.0,0,0001,-2.6640015,45.910923
1970-01-01 00:00:00,2023-12-25 22:00:00,0.0,0,0001,-2.9673767,44.289528
1970-01-01 00:00:00,2023-12-25 23:00:00,5.287858e-05,0,0001,-2.9867249,44.328354
1970-01-01 00:00:00,2023-12-26 00:00:00,13.086401,0,0001,-2.9337158,47.297752
1970-01-01 00:00:00,2023-12-26 01:00:00,112.99931,0,0001,-2.3607788,45.804253
1970-01-01 00:00:00,2023-12-26 02:00:00,255.85713,0,0001,2.8649902,43.335342
1970-01-01 00:00:00,2023-12-26 03:00:00,378.66953,0,0001,3.1745605,42.274628
1970-01-01 00:00:00,2023-12-26 04:00:00,455.24466,0,0001,3.6626587,39.42851
1970-01-01 00:00:00,2023-12-26 05:00:00,476.28195,0,0001,6.1946716,40.84403
1970-01-01 00:00:00,2023-12-26 06:00:00,433.2514,0,0001,6.229126,37.12045
1970-01-01 00:00:00,2023-12-26 07:00:00,333.89023,0,0001,6.203949,34.1302
1970-01-01 00:00:00,2023-12-26 08:00:00,210.09474,0,0001,4.8842773,29.522415
1970-01-01 00:00:00,2023-12-26 09:00:00,72.6107,0,0001,4.808563,26.440334
1970-01-01 00:00:00,2023-12-26 10:00:00,3.1502836,0,0001,1.7257385,27.574059
1970-01-01 00:00:00,2023-12-26 11:00:00,0.0,0,0001,1.5947266,28.838024
1970-01-01 00:00:00,2023-12-26 12:00:00,0.0,0,0001,1.3923035,31.058493
1970-01-01 00:00:00,2023-12-26 13:00:00,0.0,0,0001,1.3096619,31.114227
1970-01-01 00:00:00,2023-12-26 14:00:00,0.0,0,0001,0.27069092,31.374151
1970-01-01 00:00:00,2023-12-26 15:00:00,0.0,0,0001,-1.1152344,30.98501
1970-01-01 00:00:00,2023-12-26 16:00:00,0.0,0,0001,-1.1807861,29.349869
1970-01-01 00:00:00,2023-12-26 17:00:00,0.0,0,0001,-1.9174194,29.643202
1970-01-01 00:00:00,2023-12-26 18:00:00,0.0,0,0001,-1.9458313,29.71984
1970-01-01 00:00:00,2023-12-26 19:00:00,0.0,0,0001,-2.0283203,28.049309
1970-01-01 00:00:00,2023-12-26 20:00:00,0.0,0,0001,-2.8451843,28.785044
1970-01-01 00:00:00,2023-12-26 21:00:00,0.0,0,0001,-2.9007874,27.018843
1970-01-01 00:00:00,2023-12-26 22:00:00,0.0,0,0001,-3.5164185,26.261688
1970-01-01 00:00:00,2023-12-26 23:00:00,3.1727148e-05,0,0001,-3.4982605,24.88967
1970-01-01 00:00:00,2023-12-27 00:00:00,11.83467,0,0001,-3.4821472,22.32714
1970-01-01 00:00:00,2023-12-27 01:00:00,108.76779,0,0001,-2.9897766,20.425957
1970-01-01 00:00:00,2023-12-27 02:00:00,252.53656,0,0001,1.2601318,17.41576
1970-01-01 00:00:00,2023-12-27 03:00:00,377.121,0,0001,1.4520569,13.624486
1970-01-01 00:00:00,2023-12-27 04:00:00,461.10483,0,0001,1.8995972,14.772569
1970-01-01 00:00:00,2023-12-27 05:00:00,487.83643,0,0001,4.4850464,14.355779
1970-01-01 00:00:00,2023-12-27 06:00:00,450.47385,0,0001,4.5469055,13.165519
1970-01-01 00:00:00,2023-12-27 07:00:00,350.46454,0,0001,4.508606,11.307486
1970-01-01 00:00:00,2023-12-27 08:00:00,218.38667,0,0001,3.3460999,10.326983
1970-01-01 00:00:00,2023-12-27 09:00:00,75.65582,0,0001,3.1630554,8.080261
1970-01-01 00:00:00,2023-12-27 10:00:00,3.2301831,0,0001,-0.18545532,6.150846
1970-01-01 00:00:00,2023-12-27 11:00:00,0.0,0,0001,-0.56658936,6.2146263
1970-01-01 00:00:00,2023-12-27 12:00:00,0.0,0,0001,-0.73410034,5.9107175
1970-01-01 00:00:00,2023-12-27 13:00:00,0.0,0,0001,-0.8093262,6.1216865
1970-01-01 00:00:00,2023-12-27 14:00:00,0.0,0,0001,-1.5927429,6.5753794
1970-01-01 00:00:00,2023-12-27 15:00:00,0.0,0,0001,-2.6811829,8.185821
1970-01-01 00:00:00,2023-12-27 16:00:00,0.0,0,0001,-2.7663574,9.360135
1970-01-01 00:00:00,2023-12-27 17:00:00,0.0,0,0001,-3.099823,10.293136
1970-01-01 00:00:00,2023-12-27 18:00:00,0.0,0,0001,-3.2609253,12.404696
1970-01-01 00:00:00,2023-12-27 19:00:00,0.0,0,0001,-3.3234863,14.1810055
1970-01-01 00:00:00,2023-12-27 20:00:00,0.0,0,0001,-3.846405,15.985334
1970-01-01 00:00:00,2023-12-27 21:00:00,0.0,0,0001,-3.8618164,17.18625
1970-01-01 00:00:00,2023-12-27 22:00:00,0.0,0,0001,-4.169861,22.307518
1970-01-01 00:00:00,2023-12-27 23:00:00,1.0575715e-05,0,0001,-4.2239685,24.59187
1970-01-01 00:00:00,2023-12-28 00:00:00,11.997536,0,0001,-4.061981,27.903807
1970-01-01 00:00:00,2023-12-28 01:00:00,109.598206,0,0001,-3.6700745,26.963467
1970-01-01 00:00:00,2023-12-28 02:00:00,251.39903,0,0001,0.9314575,20.720922
1970-01-01 00:00:00,2023-12-28 03:00:00,374.1242,0,0001,1.3978882,16.694805
1970-01-01 00:00:00,2023-12-28 04:00:00,458.16183,0,0001,1.9914856,15.069374
1970-01-01 00:00:00,2023-12-28 05:00:00,480.44403,0,0001,4.740814,15.391977
1970-01-01 00:00:00,2023-12-28 06:00:00,447.33032,0,0001,4.8390503,14.276016
1970-01-01 00:00:00,2023-12-28 07:00:00,348.52563,0,0001,4.8208923,17.099758
1970-01-01 00:00:00,2023-12-28 08:00:00,210.77507,0,0001,3.9522095,19.185364
1970-01-01 00:00:00,2023-12-28 09:00:00,71.72364,0,0001,3.8415527,23.660683
1970-01-01 00:00:00,2023-12-28 10:00:00,2.9006755,0,0001,0.8971863,27.123816
1970-01-01 00:00:00,2023-12-28 11:00:00,0.0,0,0001,0.64990234,30.145868
1970-01-01 00:00:00,2023-12-28 12:00:00,0.0,0,0001,0.42504883,34.634106
1970-01-01 00:00:00,2023-12-28 13:00:00,0.0,0,0001,0.3106079,36.972603
1970-01-01 00:00:00,2023-12-28 14:00:00,0.0,0,0001,-0.276062,41.174538
1970-01-01 00:00:00,2023-12-28 15:00:00,0.0,0,0001,-1.0846252,45.560265
1970-01-01 00:00:00,2023-12-28 16:00:00,0.0,0,0001,-1.0760498,52.145653
1970-01-01 00:00:00,2023-12-28 17:00:00,0.0,0,0001,-1.4299622,56.592827
1970-01-01 00:00:00,2023-12-28 18:00:00,0.0,0,0001,-1.4584656,60.755135
1970-01-01 00:00:00,2023-12-28 19:00:00,0.0,0,0001,-1.4812927,64.523544
1970-01-01 00:00:00,2023-12-28 20:00:00,0.0,0,0001,-1.7521973,67.80792
1970-01-01 00:00:00,2023-12-28 21:00:00,0.0,0,0001,-1.8226318,71.16547
1970-01-01 00:00:00,2023-12-28 22:00:00,0.0,0,0001,-1.7644043,73.65818
1970-01-01 00:00:00,2023-12-28 23:00:00,0.0,0,0001,-1.7749329,75.91391
1970-01-01 00:00:00,2023-12-29 00:00:00,8.062861,0,0001,-1.7963257,79.769646
1970-01-01 00:00:00,2023-12-29 01:00:00,73.053955,0,0001,-1.5033875,82.02423
1970-01-01 00:00:00,2023-12-29 02:00:00,169.65536,0,0001,1.4177246,77.598404
1970-01-01 00:00:00,2023-12-29 03:00:00,262.16888,0,0001,1.874176,74.98949
1970-01-01 00:00:00,2023-12-29 04:00:00,326.7063,0,0001,2.3391113,75.79678
1970-01-01 00:00:00,2023-12-29 05:00:00,353.92633,0,0001,4.2812805,76.12025
1970-01-01 00:00:00,2023-12-29 06:00:00,322.98035,0,0001,4.349701,77.868996
1970-01-01 00:00:00,2023-12-29 07:00:00,244.45976,0,0001,4.357544,78.58751
1970-01-01 00:00:00,2023-12-29 08:00:00,149.32686,0,0001,3.866211,76.26095
1970-01-01 00:00:00,2023-12-29 09:00:00,51.755257,0,0001,3.5821228,76.53
1970-01-01 00:00:00,2023-12-29 10:00:00,2.2931323,0,0001,1.8803711,74.09795
1970-01-01 00:00:00,2023-12-29 11:00:00,0.0,0,0001,1.8492126,71.97445
1970-01-01 00:00:00,2023-12-29 12:00:00,0.0,0,0001,1.8406372,71.15719
1970-01-01 00:00:00,2023-12-29 13:00:00,0.0,0,0001,1.8236084,69.424736
1970-01-01 00:00:00,2023-12-29 14:00:00,0.0,0,0001,1.4099731,64.955765
1970-01-01 00:00:00,2023-12-29 15:00:00,0.0,0,0001,0.90667725,60.662865
1970-01-01 00:00:00,2023-12-29 16:00:00,0.0,0,0001,0.89767456,53.864414
1970-01-01 00:00:00,2023-12-29 17:00:00,0.0,0,0001,0.58166504,49.44325
1970-01-01 00:00:00,2023-12-29 18:00:00,0.0,0,0001,0.5797119,45.62252
1970-01-01 00:00:00,2023-12-29 19:00:00,0.0,0,0001,0.5569153,42.41027
1970-01-01 00:00:00,2023-12-29 20:00:00,0.0,0,0001,0.16485596,42.658722
1970-01-01 00:00:00,2023-12-29 21:00:00,0.0,0,0001,0.21881104,41.395725
1970-01-01 00:00:00,2023-12-29 22:00:00,0.0,0,0001,-0.029754639,46.253582
1970-01-01 00:00:00,2023-12-29 23:00:00,0.0,0,0001,-0.11260986,47.56345
1970-01-01 00:00:00,2023-12-30 00:00:00,9.168394,0,0001,-0.09475708,49.690582
1970-01-01 00:00:00,2023-12-30 01:00:00,95.26897,0,0001,0.18823242,50.445236
1970-01-01 00:00:00,2023-12-30 02:00:00,225.6944,0,0001,3.1440125,48.414757
1970-01-01 00:00:00,2023-12-30 03:00:00,342.4587,0,0001,3.2842102,43.413395
1970-01-01 00:00:00,2023-12-30 04:00:00,429.41748,0,0001,3.8164062,38.474384
1970-01-01 00:00:00,2023-12-30 05:00:00,465.1041,0,0001,6.8099976,32.11737
1970-01-01 00:00:00,2023-12-30 06:00:00,441.85016,0,0001,7.0801086,27.578491
1970-01-01 00:00:00,2023-12-30 07:00:00,345.67422,0,0001,7.0219727,23.418682
1970-01-01 00:00:00,2023-12-30 08:00:00,221.61877,0,0001,6.166321,18.3483
1970-01-01 00:00:00,2023-12-30 09:00:00,82.167885,0,0001,5.5744934,13.703273
1970-01-01 00:00:00,2023-12-30 10:00:00,4.2822237,0,0001,3.0141296,11.998094
1970-01-01 00:00:00,2023-12-30 11:00:00,0.0,0,0001,3.0133667,10.762061
1970-01-01 00:00:00,2023-12-30 12:00:00,0.0,0,0001,2.9382935,8.928314
1970-01-01 00:00:00,2023-12-30 13:00:00,0.0,0,0001,2.6916199,8.180619
1970-01-01 00:00:00,2023-12-30 14:00:00,0.0,0,0001,1.9483032,7.2992005
1970-01-01 00:00:00,2023-12-30 15:00:00,0.0,0,0001,0.7504883,8.116782
1970-01-01 00:00:00,2023-12-30 16:00:00,0.0,0,0001,0.6953125,8.829326
1970-01-01 00:00:00,2023-12-30 17:00:00,0.0,0,0001,-0.1637268,10.534933
1970-01-01 00:00:00,2023-12-30 18:00:00,0.0,0,0001,-0.2361145,10.96963
1970-01-01 00:00:00,2023-12-30 19:00:00,0.0,0,0001,-0.36114502,10.509909
1970-01-01 00:00:00,2023-12-30 20:00:00,0.0,0,0001,-1.6048279,10.587016
1970-01-01 00:00:00,2023-12-30 21:00:00,0.0,0,0001,-1.7698975,11.630374
1970-01-01 00:00:00,2023-12-30 22:00:00,0.0,0,0001,-2.2621155,15.870481
1970-01-01 00:00:00,2023-12-30 23:00:00,0.0,0,0001,-2.269287,17.584314
1970-01-01 00:00:00,2023-12-31 00:00:00,12.876325,0,0001,-2.2852173,18.609821
1970-01-01 00:00:00,2023-12-31 01:00:00,119.24302,0,0001,-1.8227844,19.114561
1970-01-01 00:00:00,2023-12-31 02:00:00,273.088,0,0001,2.199585,15.10358
1970-01-01 00:00:00,2023-12-31 03:00:00,408.59424,0,0001,2.493164,11.8625965
1970-01-01 00:00:00,2023-12-31 04:00:00,493.0048,0,0001,2.8105469,11.461892
1970-01-01 00:00:00,2023-12-31 05:00:00,517.5532,0,0001,5.2967224,11.167607
1970-01-01 00:00:00,2023-12-31 06:00:00,478.6218,0,0001,5.3064575,11.290796
1970-01-01 00:00:00,2023-12-31 07:00:00,371.53983,0,0001,5.269409,11.402771
1970-01-01 00:00:00,2023-12-31 08:00:00,235.36226,0,0001,4.101349,10.13118
1970-01-01 00:00:00,2023-12-31 09:00:00,85.79651,0,0001,3.9241943,9.501611
1970-01-01 00:00:00,2023-12-31 10:00:00,4.396875,0,0001,0.7267151,8.005458
1970-01-01 00:00:00,2023-12-31 11:00:00,0.0,0,0001,0.49795532,7.3820553
1970-01-01 00:00:00,2023-12-31 12:00:00,0.0,0,0001,0.35821533,7.6749964
1970-01-01 00:00:00,2023-12-31 13:00:00,0.0,0,0001,0.18426514,8.192212
1970-01-01 00:00:00,2023-12-31 14:00:00,0.0,0,0001,-0.71551514,10.033782
1970-01-01 00:00:00,2023-12-31 15:00:00,0.0,0,0001,-1.971344,12.701789
1970-01-01 00:00:00,2023-12-31 16:00:00,0.0,0,0001,-1.9994507,15.514183
1970-01-01 00:00:00,2023-12-31 17:00:00,0.0,0,0001,-2.643219,19.556206
1970-01-01 00:00:00,2023-12-31 18:00:00,0.0,0,0001,-2.7362976,21.82019
1970-01-01 00:00:00,2023-12-31 19:00:00,0.0,0,0001,-2.7579346,24.018274
1970-01-01 00:00:00,2023-12-31 20:00:00,0.0,0,0001,-3.4781494,26.358217
1970-01-01 00:00:00,2023-12-31 21:00:00,0.0,0,0001,-3.500702,27.029661
1970-01-01 00:00:00,2023-12-31 22:00:00,0.0,0,0001,-3.6563416,30.630556
1970-01-01 00:00:00,2023-12-31 23:00:00,0.0,0,0001,-3.6592102,27.366745
